product,date,sales
โ  ะะฝัะตั,Oct 01, 2018,0
๐  ะจะธัะบะต,Oct 01, 2018,0
๐ฌ  ะกะฟะตัะธะธ,Oct 01, 2018,0
๐  ะะปััะฐั,Oct 01, 2018,0
๐  ะะตะปะตะฝัะนะญะปัั,Oct 01, 2018,0
๐  ะกะธะฝะธะนะญะปัั,Oct 01, 2018,0
๐  ะะตัั-ัะฐั,Oct 01, 2018,0
๐  ะะพะปะฐ,Oct 01, 2018,0
๐  Ferrari,Oct 01, 2018,0
โ  ะะฝัะะพะทะพะฒัะน,Oct 01, 2018,0
๐ฌ  ะจะธัะะธะณะะตะฒะธะป,Oct 01, 2018,0
๐  ะกะะกะธะฝะธะตะัะธั,Oct 01, 2018,0
๐  ะะปััะฐัะะตะปััะน,Oct 01, 2018,0
๐  ะะปััะฐัะคะธะพะปะตัะพะฒัะน,Oct 01, 2018,0
๐  xVersace,Oct 01, 2018,0
๐ฌ  ะะธัะพะตะจะธั,Oct 01, 2018,0
๐  ะกะะะตะปััะนะัะธั,Oct 01, 2018,0
๐  ะะปััะฐัะะตะปัะน,Oct 01, 2018,0
๐ฌ  ะกะบะฐะฝะบ24ะข,Oct 01, 2018,0
๐  ะกะะัะฐัะฝัะนะัะธั,Oct 01, 2018,0
๐ฌ  ะะธััะตะจะธัะะปะฐะฝ,Oct 01, 2018,0
โ  ะะฝัะตั,Oct 02, 2018,0
๐  ะจะธัะบะต,Oct 02, 2018,0
๐ฌ  ะกะฟะตัะธะธ,Oct 02, 2018,0
๐  ะะปััะฐั,Oct 02, 2018,0
๐  ะะตะปะตะฝัะนะญะปัั,Oct 02, 2018,0
๐  ะกะธะฝะธะนะญะปัั,Oct 02, 2018,0
๐  ะะตัั-ัะฐั,Oct 02, 2018,0
๐  ะะพะปะฐ,Oct 02, 2018,0
๐  Ferrari,Oct 02, 2018,0
โ  ะะฝัะะพะทะพะฒัะน,Oct 02, 2018,0
๐ฌ  ะจะธัะะธะณะะตะฒะธะป,Oct 02, 2018,0
๐  ะกะะกะธะฝะธะตะัะธั,Oct 02, 2018,0
๐  ะะปััะฐัะะตะปััะน,Oct 02, 2018,0
๐  ะะปััะฐัะคะธะพะปะตัะพะฒัะน,Oct 02, 2018,0
๐  xVersace,Oct 02, 2018,0
๐ฌ  ะะธัะพะตะจะธั,Oct 02, 2018,0
๐  ะกะะะตะปััะนะัะธั,Oct 02, 2018,0
๐  ะะปััะฐัะะตะปัะน,Oct 02, 2018,0
๐ฌ  ะกะบะฐะฝะบ24ะข,Oct 02, 2018,0
๐  ะกะะัะฐัะฝัะนะัะธั,Oct 02, 2018,0
๐ฌ  ะะธััะตะจะธัะะปะฐะฝ,Oct 02, 2018,0
โ  ะะฝัะตั,Oct 03, 2018,0
๐  ะจะธัะบะต,Oct 03, 2018,0
๐ฌ  ะกะฟะตัะธะธ,Oct 03, 2018,0
๐  ะะปััะฐั,Oct 03, 2018,0
๐  ะะตะปะตะฝัะนะญะปัั,Oct 03, 2018,0
๐  ะกะธะฝะธะนะญะปัั,Oct 03, 2018,0
๐  ะะตัั-ัะฐั,Oct 03, 2018,0
๐  ะะพะปะฐ,Oct 03, 2018,0
๐  Ferrari,Oct 03, 2018,0
โ  ะะฝัะะพะทะพะฒัะน,Oct 03, 2018,0
๐ฌ  ะจะธัะะธะณะะตะฒะธะป,Oct 03, 2018,0
๐  ะกะะกะธะฝะธะตะัะธั,Oct 03, 2018,0
๐  ะะปััะฐัะะตะปััะน,Oct 03, 2018,0
๐  ะะปััะฐัะคะธะพะปะตัะพะฒัะน,Oct 03, 2018,0
๐  xVersace,Oct 03, 2018,0
๐ฌ  ะะธัะพะตะจะธั,Oct 03, 2018,0
๐  ะกะะะตะปััะนะัะธั,Oct 03, 2018,0
๐  ะะปััะฐัะะตะปัะน,Oct 03, 2018,0
๐ฌ  ะกะบะฐะฝะบ24ะข,Oct 03, 2018,0
๐  ะกะะัะฐัะฝัะนะัะธั,Oct 03, 2018,0
๐ฌ  ะะธััะตะจะธัะะปะฐะฝ,Oct 03, 2018,0
โ  ะะฝัะตั,Oct 04, 2018,0
๐  ะจะธัะบะต,Oct 04, 2018,0
๐ฌ  ะกะฟะตัะธะธ,Oct 04, 2018,0
๐  ะะปััะฐั,Oct 04, 2018,0
๐  ะะตะปะตะฝัะนะญะปัั,Oct 04, 2018,0
๐  ะกะธะฝะธะนะญะปัั,Oct 04, 2018,0
๐  ะะตัั-ัะฐั,Oct 04, 2018,0
๐  ะะพะปะฐ,Oct 04, 2018,0
๐  Ferrari,Oct 04, 2018,0
โ  ะะฝัะะพะทะพะฒัะน,Oct 04, 2018,0
๐ฌ  ะจะธัะะธะณะะตะฒะธะป,Oct 04, 2018,0
๐  ะกะะกะธะฝะธะตะัะธั,Oct 04, 2018,0
๐  ะะปััะฐัะะตะปััะน,Oct 04, 2018,0
๐  ะะปััะฐัะคะธะพะปะตัะพะฒัะน,Oct 04, 2018,0
๐  xVersace,Oct 04, 2018,0
๐ฌ  ะะธัะพะตะจะธั,Oct 04, 2018,0
๐  ะกะะะตะปััะนะัะธั,Oct 04, 2018,0
๐  ะะปััะฐัะะตะปัะน,Oct 04, 2018,0
๐ฌ  ะกะบะฐะฝะบ24ะข,Oct 04, 2018,0
๐  ะกะะัะฐัะฝัะนะัะธั,Oct 04, 2018,0
๐ฌ  ะะธััะตะจะธัะะปะฐะฝ,Oct 04, 2018,0
โ  ะะฝัะตั,Oct 05, 2018,0
๐  ะจะธัะบะต,Oct 05, 2018,0
๐ฌ  ะกะฟะตัะธะธ,Oct 05, 2018,0
๐  ะะปััะฐั,Oct 05, 2018,0
๐  ะะตะปะตะฝัะนะญะปัั,Oct 05, 2018,0
๐  ะกะธะฝะธะนะญะปัั,Oct 05, 2018,0
๐  ะะตัั-ัะฐั,Oct 05, 2018,0
๐  ะะพะปะฐ,Oct 05, 2018,0
๐  Ferrari,Oct 05, 2018,0
โ  ะะฝัะะพะทะพะฒัะน,Oct 05, 2018,0
๐ฌ  ะจะธัะะธะณะะตะฒะธะป,Oct 05, 2018,0
๐  ะกะะกะธะฝะธะตะัะธั,Oct 05, 2018,0
๐  ะะปััะฐัะะตะปััะน,Oct 05, 2018,0
๐  ะะปััะฐัะคะธะพะปะตัะพะฒัะน,Oct 05, 2018,0
๐  xVersace,Oct 05, 2018,0
๐ฌ  ะะธัะพะตะจะธั,Oct 05, 2018,0
๐  ะกะะะตะปััะนะัะธั,Oct 05, 2018,0
๐  ะะปััะฐัะะตะปัะน,Oct 05, 2018,0
๐ฌ  ะกะบะฐะฝะบ24ะข,Oct 05, 2018,0
๐  ะกะะัะฐัะฝัะนะัะธั,Oct 05, 2018,0
๐ฌ  ะะธััะตะจะธัะะปะฐะฝ,Oct 05, 2018,0
โ  ะะฝัะตั,Oct 06, 2018,0
๐  ะจะธัะบะต,Oct 06, 2018,0
๐ฌ  ะกะฟะตัะธะธ,Oct 06, 2018,0
๐  ะะปััะฐั,Oct 06, 2018,0
๐  ะะตะปะตะฝัะนะญะปัั,Oct 06, 2018,0
๐  ะกะธะฝะธะนะญะปัั,Oct 06, 2018,0
๐  ะะตัั-ัะฐั,Oct 06, 2018,0
๐  ะะพะปะฐ,Oct 06, 2018,0
๐  Ferrari,Oct 06, 2018,0
โ  ะะฝัะะพะทะพะฒัะน,Oct 06, 2018,0
๐ฌ  ะจะธัะะธะณะะตะฒะธะป,Oct 06, 2018,0
๐  ะกะะกะธะฝะธะตะัะธั,Oct 06, 2018,0
๐  ะะปััะฐัะะตะปััะน,Oct 06, 2018,0
๐  ะะปััะฐัะคะธะพะปะตัะพะฒัะน,Oct 06, 2018,0
๐  xVersace,Oct 06, 2018,0
๐ฌ  ะะธัะพะตะจะธั,Oct 06, 2018,0
๐  ะกะะะตะปััะนะัะธั,Oct 06, 2018,0
๐  ะะปััะฐัะะตะปัะน,Oct 06, 2018,0
๐ฌ  ะกะบะฐะฝะบ24ะข,Oct 06, 2018,0
๐  ะกะะัะฐัะฝัะนะัะธั,Oct 06, 2018,0
๐ฌ  ะะธััะตะจะธัะะปะฐะฝ,Oct 06, 2018,0
โ  ะะฝัะตั,Oct 07, 2018,0
๐  ะจะธัะบะต,Oct 07, 2018,0
๐ฌ  ะกะฟะตัะธะธ,Oct 07, 2018,0
๐  ะะปััะฐั,Oct 07, 2018,0
๐  ะะตะปะตะฝัะนะญะปัั,Oct 07, 2018,0
๐  ะกะธะฝะธะนะญะปัั,Oct 07, 2018,0
๐  ะะตัั-ัะฐั,Oct 07, 2018,0
๐  ะะพะปะฐ,Oct 07, 2018,0
๐  Ferrari,Oct 07, 2018,0
โ  ะะฝัะะพะทะพะฒัะน,Oct 07, 2018,0
๐ฌ  ะจะธัะะธะณะะตะฒะธะป,Oct 07, 2018,0
๐  ะกะะกะธะฝะธะตะัะธั,Oct 07, 2018,0
๐  ะะปััะฐัะะตะปััะน,Oct 07, 2018,0
๐  ะะปััะฐัะคะธะพะปะตัะพะฒัะน,Oct 07, 2018,0
๐  xVersace,Oct 07, 2018,0
๐ฌ  ะะธัะพะตะจะธั,Oct 07, 2018,0
๐  ะกะะะตะปััะนะัะธั,Oct 07, 2018,0
๐  ะะปััะฐัะะตะปัะน,Oct 07, 2018,0
๐ฌ  ะกะบะฐะฝะบ24ะข,Oct 07, 2018,0
๐  ะกะะัะฐัะฝัะนะัะธั,Oct 07, 2018,0
๐ฌ  ะะธััะตะจะธัะะปะฐะฝ,Oct 07, 2018,0
โ  ะะฝัะตั,Oct 08, 2018,0
๐  ะจะธัะบะต,Oct 08, 2018,0
๐ฌ  ะกะฟะตัะธะธ,Oct 08, 2018,0
๐  ะะปััะฐั,Oct 08, 2018,0
๐  ะะตะปะตะฝัะนะญะปัั,Oct 08, 2018,0
๐  ะกะธะฝะธะนะญะปัั,Oct 08, 2018,0
๐  ะะตัั-ัะฐั,Oct 08, 2018,0
๐  ะะพะปะฐ,Oct 08, 2018,0
๐  Ferrari,Oct 08, 2018,0
โ  ะะฝัะะพะทะพะฒัะน,Oct 08, 2018,0
๐ฌ  ะจะธัะะธะณะะตะฒะธะป,Oct 08, 2018,0
๐  ะกะะกะธะฝะธะตะัะธั,Oct 08, 2018,0
๐  ะะปััะฐัะะตะปััะน,Oct 08, 2018,0
๐  ะะปััะฐัะคะธะพะปะตัะพะฒัะน,Oct 08, 2018,0
๐  xVersace,Oct 08, 2018,0
๐ฌ  ะะธัะพะตะจะธั,Oct 08, 2018,0
๐  ะกะะะตะปััะนะัะธั,Oct 08, 2018,0
๐  ะะปััะฐัะะตะปัะน,Oct 08, 2018,0
๐ฌ  ะกะบะฐะฝะบ24ะข,Oct 08, 2018,0
๐  ะกะะัะฐัะฝัะนะัะธั,Oct 08, 2018,0
๐ฌ  ะะธััะตะจะธัะะปะฐะฝ,Oct 08, 2018,0
โ  ะะฝัะตั,Oct 09, 2018,0
๐  ะจะธัะบะต,Oct 09, 2018,0
๐ฌ  ะกะฟะตัะธะธ,Oct 09, 2018,0
๐  ะะปััะฐั,Oct 09, 2018,0
๐  ะะตะปะตะฝัะนะญะปัั,Oct 09, 2018,0
๐  ะกะธะฝะธะนะญะปัั,Oct 09, 2018,0
๐  ะะตัั-ัะฐั,Oct 09, 2018,0
๐  ะะพะปะฐ,Oct 09, 2018,0
๐  Ferrari,Oct 09, 2018,0
โ  ะะฝัะะพะทะพะฒัะน,Oct 09, 2018,0
๐ฌ  ะจะธัะะธะณะะตะฒะธะป,Oct 09, 2018,0
๐  ะกะะกะธะฝะธะตะัะธั,Oct 09, 2018,0
๐  ะะปััะฐัะะตะปััะน,Oct 09, 2018,0
๐  ะะปััะฐัะคะธะพะปะตัะพะฒัะน,Oct 09, 2018,0
๐  xVersace,Oct 09, 2018,0
๐ฌ  ะะธัะพะตะจะธั,Oct 09, 2018,0
๐  ะกะะะตะปััะนะัะธั,Oct 09, 2018,0
๐  ะะปััะฐัะะตะปัะน,Oct 09, 2018,0
๐ฌ  ะกะบะฐะฝะบ24ะข,Oct 09, 2018,0
๐  ะกะะัะฐัะฝัะนะัะธั,Oct 09, 2018,0
๐ฌ  ะะธััะตะจะธัะะปะฐะฝ,Oct 09, 2018,0
โ  ะะฝัะตั,Oct 10, 2018,0
๐  ะจะธัะบะต,Oct 10, 2018,0
๐ฌ  ะกะฟะตัะธะธ,Oct 10, 2018,0
๐  ะะปััะฐั,Oct 10, 2018,0
๐  ะะตะปะตะฝัะนะญะปัั,Oct 10, 2018,0
๐  ะกะธะฝะธะนะญะปัั,Oct 10, 2018,0
๐  ะะตัั-ัะฐั,Oct 10, 2018,0
๐  ะะพะปะฐ,Oct 10, 2018,0
๐  Ferrari,Oct 10, 2018,0
โ  ะะฝัะะพะทะพะฒัะน,Oct 10, 2018,0
๐ฌ  ะจะธัะะธะณะะตะฒะธะป,Oct 10, 2018,0
๐  ะกะะกะธะฝะธะตะัะธั,Oct 10, 2018,0
๐  ะะปััะฐัะะตะปััะน,Oct 10, 2018,0
๐  ะะปััะฐัะคะธะพะปะตัะพะฒัะน,Oct 10, 2018,0
๐  xVersace,Oct 10, 2018,0
๐ฌ  ะะธัะพะตะจะธั,Oct 10, 2018,0
๐  ะกะะะตะปััะนะัะธั,Oct 10, 2018,0
๐  ะะปััะฐัะะตะปัะน,Oct 10, 2018,0
๐ฌ  ะกะบะฐะฝะบ24ะข,Oct 10, 2018,0
๐  ะกะะัะฐัะฝัะนะัะธั,Oct 10, 2018,0
๐ฌ  ะะธััะตะจะธัะะปะฐะฝ,Oct 10, 2018,0
โ  ะะฝัะตั,Oct 11, 2018,0
๐  ะจะธัะบะต,Oct 11, 2018,0
๐ฌ  ะกะฟะตัะธะธ,Oct 11, 2018,0
๐  ะะปััะฐั,Oct 11, 2018,0
๐  ะะตะปะตะฝัะนะญะปัั,Oct 11, 2018,0
๐  ะกะธะฝะธะนะญะปัั,Oct 11, 2018,0
๐  ะะตัั-ัะฐั,Oct 11, 2018,0
๐  ะะพะปะฐ,Oct 11, 2018,0
๐  Ferrari,Oct 11, 2018,0
โ  ะะฝัะะพะทะพะฒัะน,Oct 11, 2018,0
๐ฌ  ะจะธัะะธะณะะตะฒะธะป,Oct 11, 2018,0
๐  ะกะะกะธะฝะธะตะัะธั,Oct 11, 2018,0
๐  ะะปััะฐัะะตะปััะน,Oct 11, 2018,0
๐  ะะปััะฐัะคะธะพะปะตัะพะฒัะน,Oct 11, 2018,0
๐  xVersace,Oct 11, 2018,0
๐ฌ  ะะธัะพะตะจะธั,Oct 11, 2018,0
๐  ะกะะะตะปััะนะัะธั,Oct 11, 2018,0
๐  ะะปััะฐัะะตะปัะน,Oct 11, 2018,0
๐ฌ  ะกะบะฐะฝะบ24ะข,Oct 11, 2018,0
๐  ะกะะัะฐัะฝัะนะัะธั,Oct 11, 2018,0
๐ฌ  ะะธััะตะจะธัะะปะฐะฝ,Oct 11, 2018,0
โ  ะะฝัะตั,Oct 12, 2018,0
๐  ะจะธัะบะต,Oct 12, 2018,0
๐ฌ  ะกะฟะตัะธะธ,Oct 12, 2018,0
๐  ะะปััะฐั,Oct 12, 2018,0
๐  ะะตะปะตะฝัะนะญะปัั,Oct 12, 2018,0
๐  ะกะธะฝะธะนะญะปัั,Oct 12, 2018,0
๐  ะะตัั-ัะฐั,Oct 12, 2018,0
๐  ะะพะปะฐ,Oct 12, 2018,0
๐  Ferrari,Oct 12, 2018,0
โ  ะะฝัะะพะทะพะฒัะน,Oct 12, 2018,0
๐ฌ  ะจะธัะะธะณะะตะฒะธะป,Oct 12, 2018,0
๐  ะกะะกะธะฝะธะตะัะธั,Oct 12, 2018,0
๐  ะะปััะฐัะะตะปััะน,Oct 12, 2018,0
๐  ะะปััะฐัะคะธะพะปะตัะพะฒัะน,Oct 12, 2018,0
๐  xVersace,Oct 12, 2018,0
๐ฌ  ะะธัะพะตะจะธั,Oct 12, 2018,0
๐  ะกะะะตะปััะนะัะธั,Oct 12, 2018,0
๐  ะะปััะฐัะะตะปัะน,Oct 12, 2018,0
๐ฌ  ะกะบะฐะฝะบ24ะข,Oct 12, 2018,0
๐  ะกะะัะฐัะฝัะนะัะธั,Oct 12, 2018,0
๐ฌ  ะะธััะตะจะธัะะปะฐะฝ,Oct 12, 2018,0
โ  ะะฝัะตั,Oct 13, 2018,0
๐  ะจะธัะบะต,Oct 13, 2018,0
๐ฌ  ะกะฟะตัะธะธ,Oct 13, 2018,0
๐  ะะปััะฐั,Oct 13, 2018,0
๐  ะะตะปะตะฝัะนะญะปัั,Oct 13, 2018,0
๐  ะกะธะฝะธะนะญะปัั,Oct 13, 2018,0
๐  ะะตัั-ัะฐั,Oct 13, 2018,0
๐  ะะพะปะฐ,Oct 13, 2018,0
๐  Ferrari,Oct 13, 2018,0
โ  ะะฝัะะพะทะพะฒัะน,Oct 13, 2018,0
๐ฌ  ะจะธัะะธะณะะตะฒะธะป,Oct 13, 2018,0
๐  ะกะะกะธะฝะธะตะัะธั,Oct 13, 2018,0
๐  ะะปััะฐัะะตะปััะน,Oct 13, 2018,0
๐  ะะปััะฐัะคะธะพะปะตัะพะฒัะน,Oct 13, 2018,0
๐  xVersace,Oct 13, 2018,0
๐ฌ  ะะธัะพะตะจะธั,Oct 13, 2018,0
๐  ะกะะะตะปััะนะัะธั,Oct 13, 2018,0
๐  ะะปััะฐัะะตะปัะน,Oct 13, 2018,0
๐ฌ  ะกะบะฐะฝะบ24ะข,Oct 13, 2018,0
๐  ะกะะัะฐัะฝัะนะัะธั,Oct 13, 2018,0
๐ฌ  ะะธััะตะจะธัะะปะฐะฝ,Oct 13, 2018,0
โ  ะะฝัะตั,Oct 14, 2018,0
๐  ะจะธัะบะต,Oct 14, 2018,0
๐ฌ  ะกะฟะตัะธะธ,Oct 14, 2018,0
๐  ะะปััะฐั,Oct 14, 2018,0
๐  ะะตะปะตะฝัะนะญะปัั,Oct 14, 2018,0
๐  ะกะธะฝะธะนะญะปัั,Oct 14, 2018,0
๐  ะะตัั-ัะฐั,Oct 14, 2018,0
๐  ะะพะปะฐ,Oct 14, 2018,0
๐  Ferrari,Oct 14, 2018,0
โ  ะะฝัะะพะทะพะฒัะน,Oct 14, 2018,0
๐ฌ  ะจะธัะะธะณะะตะฒะธะป,Oct 14, 2018,0
๐  ะกะะกะธะฝะธะตะัะธั,Oct 14, 2018,0
๐  ะะปััะฐัะะตะปััะน,Oct 14, 2018,0
๐  ะะปััะฐัะคะธะพะปะตัะพะฒัะน,Oct 14, 2018,0
๐  xVersace,Oct 14, 2018,0
๐ฌ  ะะธัะพะตะจะธั,Oct 14, 2018,0
๐  ะกะะะตะปััะนะัะธั,Oct 14, 2018,0
๐  ะะปััะฐัะะตะปัะน,Oct 14, 2018,0
๐ฌ  ะกะบะฐะฝะบ24ะข,Oct 14, 2018,0
๐  ะกะะัะฐัะฝัะนะัะธั,Oct 14, 2018,0
๐ฌ  ะะธััะตะจะธัะะปะฐะฝ,Oct 14, 2018,0
โ  ะะฝัะตั,Oct 15, 2018,0
๐  ะจะธัะบะต,Oct 15, 2018,0
๐ฌ  ะกะฟะตัะธะธ,Oct 15, 2018,0
๐  ะะปััะฐั,Oct 15, 2018,0
๐  ะะตะปะตะฝัะนะญะปัั,Oct 15, 2018,0
๐  ะกะธะฝะธะนะญะปัั,Oct 15, 2018,0
๐  ะะตัั-ัะฐั,Oct 15, 2018,0
๐  ะะพะปะฐ,Oct 15, 2018,0
๐  Ferrari,Oct 15, 2018,0
โ  ะะฝัะะพะทะพะฒัะน,Oct 15, 2018,0
๐ฌ  ะจะธัะะธะณะะตะฒะธะป,Oct 15, 2018,0
๐  ะกะะกะธะฝะธะตะัะธั,Oct 15, 2018,0
๐  ะะปััะฐัะะตะปััะน,Oct 15, 2018,0
๐  ะะปััะฐัะคะธะพะปะตัะพะฒัะน,Oct 15, 2018,0
๐  xVersace,Oct 15, 2018,0
๐ฌ  ะะธัะพะตะจะธั,Oct 15, 2018,0
๐  ะกะะะตะปััะนะัะธั,Oct 15, 2018,0
๐  ะะปััะฐัะะตะปัะน,Oct 15, 2018,0
๐ฌ  ะกะบะฐะฝะบ24ะข,Oct 15, 2018,0
๐  ะกะะัะฐัะฝัะนะัะธั,Oct 15, 2018,0
๐ฌ  ะะธััะตะจะธัะะปะฐะฝ,Oct 15, 2018,0
โ  ะะฝัะตั,Oct 16, 2018,0
๐  ะจะธัะบะต,Oct 16, 2018,0
๐ฌ  ะกะฟะตัะธะธ,Oct 16, 2018,0
๐  ะะปััะฐั,Oct 16, 2018,0
๐  ะะตะปะตะฝัะนะญะปัั,Oct 16, 2018,0
๐  ะกะธะฝะธะนะญะปัั,Oct 16, 2018,0
๐  ะะตัั-ัะฐั,Oct 16, 2018,0
๐  ะะพะปะฐ,Oct 16, 2018,0
๐  Ferrari,Oct 16, 2018,0
โ  ะะฝัะะพะทะพะฒัะน,Oct 16, 2018,0
๐ฌ  ะจะธัะะธะณะะตะฒะธะป,Oct 16, 2018,0
๐  ะกะะกะธะฝะธะตะัะธั,Oct 16, 2018,0
๐  ะะปััะฐัะะตะปััะน,Oct 16, 2018,0
๐  ะะปััะฐัะคะธะพะปะตัะพะฒัะน,Oct 16, 2018,0
๐  xVersace,Oct 16, 2018,0
๐ฌ  ะะธัะพะตะจะธั,Oct 16, 2018,0
๐  ะกะะะตะปััะนะัะธั,Oct 16, 2018,0
๐  ะะปััะฐัะะตะปัะน,Oct 16, 2018,0
๐ฌ  ะกะบะฐะฝะบ24ะข,Oct 16, 2018,0
๐  ะกะะัะฐัะฝัะนะัะธั,Oct 16, 2018,0
๐ฌ  ะะธััะตะจะธัะะปะฐะฝ,Oct 16, 2018,0
โ  ะะฝัะตั,Oct 17, 2018,0
๐  ะจะธัะบะต,Oct 17, 2018,0
๐ฌ  ะกะฟะตัะธะธ,Oct 17, 2018,0
๐  ะะปััะฐั,Oct 17, 2018,0
๐  ะะตะปะตะฝัะนะญะปัั,Oct 17, 2018,0
๐  ะกะธะฝะธะนะญะปัั,Oct 17, 2018,0
๐  ะะตัั-ัะฐั,Oct 17, 2018,0
๐  ะะพะปะฐ,Oct 17, 2018,0
๐  Ferrari,Oct 17, 2018,0
โ  ะะฝัะะพะทะพะฒัะน,Oct 17, 2018,0
๐ฌ  ะจะธัะะธะณะะตะฒะธะป,Oct 17, 2018,0
๐  ะกะะกะธะฝะธะตะัะธั,Oct 17, 2018,0
๐  ะะปััะฐัะะตะปััะน,Oct 17, 2018,0
๐  ะะปััะฐัะคะธะพะปะตัะพะฒัะน,Oct 17, 2018,0
๐  xVersace,Oct 17, 2018,0
๐ฌ  ะะธัะพะตะจะธั,Oct 17, 2018,0
๐  ะกะะะตะปััะนะัะธั,Oct 17, 2018,0
๐  ะะปััะฐัะะตะปัะน,Oct 17, 2018,0
๐ฌ  ะกะบะฐะฝะบ24ะข,Oct 17, 2018,0
๐  ะกะะัะฐัะฝัะนะัะธั,Oct 17, 2018,0
๐ฌ  ะะธััะตะจะธัะะปะฐะฝ,Oct 17, 2018,0
โ  ะะฝัะตั,Oct 18, 2018,0
๐  ะจะธัะบะต,Oct 18, 2018,0
๐ฌ  ะกะฟะตัะธะธ,Oct 18, 2018,0
๐  ะะปััะฐั,Oct 18, 2018,0
๐  ะะตะปะตะฝัะนะญะปัั,Oct 18, 2018,0
๐  ะกะธะฝะธะนะญะปัั,Oct 18, 2018,0
๐  ะะตัั-ัะฐั,Oct 18, 2018,0
๐  ะะพะปะฐ,Oct 18, 2018,0
๐  Ferrari,Oct 18, 2018,0
โ  ะะฝัะะพะทะพะฒัะน,Oct 18, 2018,0
๐ฌ  ะจะธัะะธะณะะตะฒะธะป,Oct 18, 2018,0
๐  ะกะะกะธะฝะธะตะัะธั,Oct 18, 2018,0
๐  ะะปััะฐัะะตะปััะน,Oct 18, 2018,0
๐  ะะปััะฐัะคะธะพะปะตัะพะฒัะน,Oct 18, 2018,0
๐  xVersace,Oct 18, 2018,0
๐ฌ  ะะธัะพะตะจะธั,Oct 18, 2018,0
๐  ะกะะะตะปััะนะัะธั,Oct 18, 2018,0
๐  ะะปััะฐัะะตะปัะน,Oct 18, 2018,0
๐ฌ  ะกะบะฐะฝะบ24ะข,Oct 18, 2018,0
๐  ะกะะัะฐัะฝัะนะัะธั,Oct 18, 2018,0
๐ฌ  ะะธััะตะจะธัะะปะฐะฝ,Oct 18, 2018,0
โ  ะะฝัะตั,Oct 19, 2018,0
๐  ะจะธัะบะต,Oct 19, 2018,0
๐ฌ  ะกะฟะตัะธะธ,Oct 19, 2018,0
๐  ะะปััะฐั,Oct 19, 2018,0
๐  ะะตะปะตะฝัะนะญะปัั,Oct 19, 2018,0
๐  ะกะธะฝะธะนะญะปัั,Oct 19, 2018,0
๐  ะะตัั-ัะฐั,Oct 19, 2018,0
๐  ะะพะปะฐ,Oct 19, 2018,0
๐  Ferrari,Oct 19, 2018,0
โ  ะะฝัะะพะทะพะฒัะน,Oct 19, 2018,0
๐ฌ  ะจะธัะะธะณะะตะฒะธะป,Oct 19, 2018,0
๐  ะกะะกะธะฝะธะตะัะธั,Oct 19, 2018,0
๐  ะะปััะฐัะะตะปััะน,Oct 19, 2018,0
๐  ะะปััะฐัะคะธะพะปะตัะพะฒัะน,Oct 19, 2018,0
๐  xVersace,Oct 19, 2018,0
๐ฌ  ะะธัะพะตะจะธั,Oct 19, 2018,0
๐  ะกะะะตะปััะนะัะธั,Oct 19, 2018,0
๐  ะะปััะฐัะะตะปัะน,Oct 19, 2018,0
๐ฌ  ะกะบะฐะฝะบ24ะข,Oct 19, 2018,0
๐  ะกะะัะฐัะฝัะนะัะธั,Oct 19, 2018,0
๐ฌ  ะะธััะตะจะธัะะปะฐะฝ,Oct 19, 2018,0
โ  ะะฝัะตั,Oct 20, 2018,0
๐  ะจะธัะบะต,Oct 20, 2018,0
๐ฌ  ะกะฟะตัะธะธ,Oct 20, 2018,0
๐  ะะปััะฐั,Oct 20, 2018,0
๐  ะะตะปะตะฝัะนะญะปัั,Oct 20, 2018,0
๐  ะกะธะฝะธะนะญะปัั,Oct 20, 2018,0
๐  ะะตัั-ัะฐั,Oct 20, 2018,0
๐  ะะพะปะฐ,Oct 20, 2018,0
๐  Ferrari,Oct 20, 2018,0
โ  ะะฝัะะพะทะพะฒัะน,Oct 20, 2018,0
๐ฌ  ะจะธัะะธะณะะตะฒะธะป,Oct 20, 2018,0
๐  ะกะะกะธะฝะธะตะัะธั,Oct 20, 2018,0
๐  ะะปััะฐัะะตะปััะน,Oct 20, 2018,0
๐  ะะปััะฐัะคะธะพะปะตัะพะฒัะน,Oct 20, 2018,0
๐  xVersace,Oct 20, 2018,0
๐ฌ  ะะธัะพะตะจะธั,Oct 20, 2018,0
๐  ะกะะะตะปััะนะัะธั,Oct 20, 2018,0
๐  ะะปััะฐัะะตะปัะน,Oct 20, 2018,0
๐ฌ  ะกะบะฐะฝะบ24ะข,Oct 20, 2018,0
๐  ะกะะัะฐัะฝัะนะัะธั,Oct 20, 2018,0
๐ฌ  ะะธััะตะจะธัะะปะฐะฝ,Oct 20, 2018,0
โ  ะะฝัะตั,Oct 21, 2018,0
๐  ะจะธัะบะต,Oct 21, 2018,0
๐ฌ  ะกะฟะตัะธะธ,Oct 21, 2018,0
๐  ะะปััะฐั,Oct 21, 2018,0
๐  ะะตะปะตะฝัะนะญะปัั,Oct 21, 2018,0
๐  ะกะธะฝะธะนะญะปัั,Oct 21, 2018,0
๐  ะะตัั-ัะฐั,Oct 21, 2018,0
๐  ะะพะปะฐ,Oct 21, 2018,0
๐  Ferrari,Oct 21, 2018,0
โ  ะะฝัะะพะทะพะฒัะน,Oct 21, 2018,0
๐ฌ  ะจะธัะะธะณะะตะฒะธะป,Oct 21, 2018,0
๐  ะกะะกะธะฝะธะตะัะธั,Oct 21, 2018,0
๐  ะะปััะฐัะะตะปััะน,Oct 21, 2018,0
๐  ะะปััะฐัะคะธะพะปะตัะพะฒัะน,Oct 21, 2018,0
๐  xVersace,Oct 21, 2018,0
๐ฌ  ะะธัะพะตะจะธั,Oct 21, 2018,0
๐  ะกะะะตะปััะนะัะธั,Oct 21, 2018,0
๐  ะะปััะฐัะะตะปัะน,Oct 21, 2018,0
๐ฌ  ะกะบะฐะฝะบ24ะข,Oct 21, 2018,0
๐  ะกะะัะฐัะฝัะนะัะธั,Oct 21, 2018,0
๐ฌ  ะะธััะตะจะธัะะปะฐะฝ,Oct 21, 2018,0
โ  ะะฝัะตั,Oct 22, 2018,0
๐  ะจะธัะบะต,Oct 22, 2018,0
๐ฌ  ะกะฟะตัะธะธ,Oct 22, 2018,0
๐  ะะปััะฐั,Oct 22, 2018,0
๐  ะะตะปะตะฝัะนะญะปัั,Oct 22, 2018,0
๐  ะกะธะฝะธะนะญะปัั,Oct 22, 2018,0
๐  ะะตัั-ัะฐั,Oct 22, 2018,0
๐  ะะพะปะฐ,Oct 22, 2018,0
๐  Ferrari,Oct 22, 2018,0
โ  ะะฝัะะพะทะพะฒัะน,Oct 22, 2018,0
๐ฌ  ะจะธัะะธะณะะตะฒะธะป,Oct 22, 2018,0
๐  ะกะะกะธะฝะธะตะัะธั,Oct 22, 2018,0
๐  ะะปััะฐัะะตะปััะน,Oct 22, 2018,0
๐  ะะปััะฐัะคะธะพะปะตัะพะฒัะน,Oct 22, 2018,0
๐  xVersace,Oct 22, 2018,0
๐ฌ  ะะธัะพะตะจะธั,Oct 22, 2018,0
๐  ะกะะะตะปััะนะัะธั,Oct 22, 2018,0
๐  ะะปััะฐัะะตะปัะน,Oct 22, 2018,0
๐ฌ  ะกะบะฐะฝะบ24ะข,Oct 22, 2018,0
๐  ะกะะัะฐัะฝัะนะัะธั,Oct 22, 2018,0
๐ฌ  ะะธััะตะจะธัะะปะฐะฝ,Oct 22, 2018,0
โ  ะะฝัะตั,Oct 23, 2018,0
๐  ะจะธัะบะต,Oct 23, 2018,0
๐ฌ  ะกะฟะตัะธะธ,Oct 23, 2018,0
๐  ะะปััะฐั,Oct 23, 2018,0
๐  ะะตะปะตะฝัะนะญะปัั,Oct 23, 2018,0
๐  ะกะธะฝะธะนะญะปัั,Oct 23, 2018,0
๐  ะะตัั-ัะฐั,Oct 23, 2018,0
๐  ะะพะปะฐ,Oct 23, 2018,0
๐  Ferrari,Oct 23, 2018,0
โ  ะะฝัะะพะทะพะฒัะน,Oct 23, 2018,0
๐ฌ  ะจะธัะะธะณะะตะฒะธะป,Oct 23, 2018,0
๐  ะกะะกะธะฝะธะตะัะธั,Oct 23, 2018,0
๐  ะะปััะฐัะะตะปััะน,Oct 23, 2018,0
๐  ะะปััะฐัะคะธะพะปะตัะพะฒัะน,Oct 23, 2018,0
๐  xVersace,Oct 23, 2018,0
๐ฌ  ะะธัะพะตะจะธั,Oct 23, 2018,0
๐  ะกะะะตะปััะนะัะธั,Oct 23, 2018,0
๐  ะะปััะฐัะะตะปัะน,Oct 23, 2018,0
๐ฌ  ะกะบะฐะฝะบ24ะข,Oct 23, 2018,0
๐  ะกะะัะฐัะฝัะนะัะธั,Oct 23, 2018,0
๐ฌ  ะะธััะตะจะธัะะปะฐะฝ,Oct 23, 2018,0
โ  ะะฝัะตั,Oct 24, 2018,0
๐  ะจะธัะบะต,Oct 24, 2018,0
๐ฌ  ะกะฟะตัะธะธ,Oct 24, 2018,0
๐  ะะปััะฐั,Oct 24, 2018,0
๐  ะะตะปะตะฝัะนะญะปัั,Oct 24, 2018,0
๐  ะกะธะฝะธะนะญะปัั,Oct 24, 2018,0
๐  ะะตัั-ัะฐั,Oct 24, 2018,0
๐  ะะพะปะฐ,Oct 24, 2018,0
๐  Ferrari,Oct 24, 2018,0
โ  ะะฝัะะพะทะพะฒัะน,Oct 24, 2018,0
๐ฌ  ะจะธัะะธะณะะตะฒะธะป,Oct 24, 2018,0
๐  ะกะะกะธะฝะธะตะัะธั,Oct 24, 2018,0
๐  ะะปััะฐัะะตะปััะน,Oct 24, 2018,0
๐  ะะปััะฐัะคะธะพะปะตัะพะฒัะน,Oct 24, 2018,0
๐  xVersace,Oct 24, 2018,0
๐ฌ  ะะธัะพะตะจะธั,Oct 24, 2018,0
๐  ะกะะะตะปััะนะัะธั,Oct 24, 2018,0
๐  ะะปััะฐัะะตะปัะน,Oct 24, 2018,0
๐ฌ  ะกะบะฐะฝะบ24ะข,Oct 24, 2018,0
๐  ะกะะัะฐัะฝัะนะัะธั,Oct 24, 2018,0
๐ฌ  ะะธััะตะจะธัะะปะฐะฝ,Oct 24, 2018,0
โ  ะะฝัะตั,Oct 25, 2018,0
๐  ะจะธัะบะต,Oct 25, 2018,0
๐ฌ  ะกะฟะตัะธะธ,Oct 25, 2018,0
๐  ะะปััะฐั,Oct 25, 2018,0
๐  ะะตะปะตะฝัะนะญะปัั,Oct 25, 2018,0
๐  ะกะธะฝะธะนะญะปัั,Oct 25, 2018,0
๐  ะะตัั-ัะฐั,Oct 25, 2018,0
๐  ะะพะปะฐ,Oct 25, 2018,0
๐  Ferrari,Oct 25, 2018,0
โ  ะะฝัะะพะทะพะฒัะน,Oct 25, 2018,0
๐ฌ  ะจะธัะะธะณะะตะฒะธะป,Oct 25, 2018,0
๐  ะกะะกะธะฝะธะตะัะธั,Oct 25, 2018,0
๐  ะะปััะฐัะะตะปััะน,Oct 25, 2018,0
๐  ะะปััะฐัะคะธะพะปะตัะพะฒัะน,Oct 25, 2018,0
๐  xVersace,Oct 25, 2018,0
๐ฌ  ะะธัะพะตะจะธั,Oct 25, 2018,0
๐  ะกะะะตะปััะนะัะธั,Oct 25, 2018,0
๐  ะะปััะฐัะะตะปัะน,Oct 25, 2018,0
๐ฌ  ะกะบะฐะฝะบ24ะข,Oct 25, 2018,0
๐  ะกะะัะฐัะฝัะนะัะธั,Oct 25, 2018,0
๐ฌ  ะะธััะตะจะธัะะปะฐะฝ,Oct 25, 2018,0
โ  ะะฝัะตั,Oct 26, 2018,0
๐  ะจะธัะบะต,Oct 26, 2018,0
๐ฌ  ะกะฟะตัะธะธ,Oct 26, 2018,0
๐  ะะปััะฐั,Oct 26, 2018,0
๐  ะะตะปะตะฝัะนะญะปัั,Oct 26, 2018,0
๐  ะกะธะฝะธะนะญะปัั,Oct 26, 2018,0
๐  ะะตัั-ัะฐั,Oct 26, 2018,0
๐  ะะพะปะฐ,Oct 26, 2018,0
๐  Ferrari,Oct 26, 2018,0
โ  ะะฝัะะพะทะพะฒัะน,Oct 26, 2018,0
๐ฌ  ะจะธัะะธะณะะตะฒะธะป,Oct 26, 2018,0
๐  ะกะะกะธะฝะธะตะัะธั,Oct 26, 2018,0
๐  ะะปััะฐัะะตะปััะน,Oct 26, 2018,0
๐  ะะปััะฐัะคะธะพะปะตัะพะฒัะน,Oct 26, 2018,0
๐  xVersace,Oct 26, 2018,0
๐ฌ  ะะธัะพะตะจะธั,Oct 26, 2018,0
๐  ะกะะะตะปััะนะัะธั,Oct 26, 2018,0
๐  ะะปััะฐัะะตะปัะน,Oct 26, 2018,0
๐ฌ  ะกะบะฐะฝะบ24ะข,Oct 26, 2018,0
๐  ะกะะัะฐัะฝัะนะัะธั,Oct 26, 2018,0
๐ฌ  ะะธััะตะจะธัะะปะฐะฝ,Oct 26, 2018,0
โ  ะะฝัะตั,Oct 27, 2018,0
๐  ะจะธัะบะต,Oct 27, 2018,0
๐ฌ  ะกะฟะตัะธะธ,Oct 27, 2018,0
๐  ะะปััะฐั,Oct 27, 2018,0
๐  ะะตะปะตะฝัะนะญะปัั,Oct 27, 2018,0
๐  ะกะธะฝะธะนะญะปัั,Oct 27, 2018,0
๐  ะะตัั-ัะฐั,Oct 27, 2018,0
๐  ะะพะปะฐ,Oct 27, 2018,0
๐  Ferrari,Oct 27, 2018,0
โ  ะะฝัะะพะทะพะฒัะน,Oct 27, 2018,0
๐ฌ  ะจะธัะะธะณะะตะฒะธะป,Oct 27, 2018,0
๐  ะกะะกะธะฝะธะตะัะธั,Oct 27, 2018,0
๐  ะะปััะฐัะะตะปััะน,Oct 27, 2018,0
๐  ะะปััะฐัะคะธะพะปะตัะพะฒัะน,Oct 27, 2018,0
๐  xVersace,Oct 27, 2018,0
๐ฌ  ะะธัะพะตะจะธั,Oct 27, 2018,0
๐  ะกะะะตะปััะนะัะธั,Oct 27, 2018,0
๐  ะะปััะฐัะะตะปัะน,Oct 27, 2018,0
๐ฌ  ะกะบะฐะฝะบ24ะข,Oct 27, 2018,0
๐  ะกะะัะฐัะฝัะนะัะธั,Oct 27, 2018,0
๐ฌ  ะะธััะตะจะธัะะปะฐะฝ,Oct 27, 2018,0
โ  ะะฝัะตั,Oct 28, 2018,0
๐  ะจะธัะบะต,Oct 28, 2018,0
๐ฌ  ะกะฟะตัะธะธ,Oct 28, 2018,0
๐  ะะปััะฐั,Oct 28, 2018,0
๐  ะะตะปะตะฝัะนะญะปัั,Oct 28, 2018,0
๐  ะกะธะฝะธะนะญะปัั,Oct 28, 2018,0
๐  ะะตัั-ัะฐั,Oct 28, 2018,0
๐  ะะพะปะฐ,Oct 28, 2018,0
๐  Ferrari,Oct 28, 2018,0
โ  ะะฝัะะพะทะพะฒัะน,Oct 28, 2018,0
๐ฌ  ะจะธัะะธะณะะตะฒะธะป,Oct 28, 2018,0
๐  ะกะะกะธะฝะธะตะัะธั,Oct 28, 2018,0
๐  ะะปััะฐัะะตะปััะน,Oct 28, 2018,0
๐  ะะปััะฐัะคะธะพะปะตัะพะฒัะน,Oct 28, 2018,0
๐  xVersace,Oct 28, 2018,0
๐ฌ  ะะธัะพะตะจะธั,Oct 28, 2018,0
๐  ะกะะะตะปััะนะัะธั,Oct 28, 2018,0
๐  ะะปััะฐัะะตะปัะน,Oct 28, 2018,0
๐ฌ  ะกะบะฐะฝะบ24ะข,Oct 28, 2018,0
๐  ะกะะัะฐัะฝัะนะัะธั,Oct 28, 2018,0
๐ฌ  ะะธััะตะจะธัะะปะฐะฝ,Oct 28, 2018,0
โ  ะะฝัะตั,Oct 29, 2018,0
๐  ะจะธัะบะต,Oct 29, 2018,0
๐ฌ  ะกะฟะตัะธะธ,Oct 29, 2018,0
๐  ะะปััะฐั,Oct 29, 2018,0
๐  ะะตะปะตะฝัะนะญะปัั,Oct 29, 2018,0
๐  ะกะธะฝะธะนะญะปัั,Oct 29, 2018,0
๐  ะะตัั-ัะฐั,Oct 29, 2018,0
๐  ะะพะปะฐ,Oct 29, 2018,0
๐  Ferrari,Oct 29, 2018,0
โ  ะะฝัะะพะทะพะฒัะน,Oct 29, 2018,0
๐ฌ  ะจะธัะะธะณะะตะฒะธะป,Oct 29, 2018,0
๐  ะกะะกะธะฝะธะตะัะธั,Oct 29, 2018,0
๐  ะะปััะฐัะะตะปััะน,Oct 29, 2018,0
๐  ะะปััะฐัะคะธะพะปะตัะพะฒัะน,Oct 29, 2018,0
๐  xVersace,Oct 29, 2018,0
๐ฌ  ะะธัะพะตะจะธั,Oct 29, 2018,0
๐  ะกะะะตะปััะนะัะธั,Oct 29, 2018,0
๐  ะะปััะฐัะะตะปัะน,Oct 29, 2018,0
๐ฌ  ะกะบะฐะฝะบ24ะข,Oct 29, 2018,0
๐  ะกะะัะฐัะฝัะนะัะธั,Oct 29, 2018,0
๐ฌ  ะะธััะตะจะธัะะปะฐะฝ,Oct 29, 2018,0
โ  ะะฝัะตั,Oct 30, 2018,0
๐  ะจะธัะบะต,Oct 30, 2018,0
๐ฌ  ะกะฟะตัะธะธ,Oct 30, 2018,0
๐  ะะปััะฐั,Oct 30, 2018,0
๐  ะะตะปะตะฝัะนะญะปัั,Oct 30, 2018,0
๐  ะกะธะฝะธะนะญะปัั,Oct 30, 2018,0
๐  ะะตัั-ัะฐั,Oct 30, 2018,0
๐  ะะพะปะฐ,Oct 30, 2018,0
๐  Ferrari,Oct 30, 2018,0
โ  ะะฝัะะพะทะพะฒัะน,Oct 30, 2018,0
๐ฌ  ะจะธัะะธะณะะตะฒะธะป,Oct 30, 2018,0
๐  ะกะะกะธะฝะธะตะัะธั,Oct 30, 2018,0
๐  ะะปััะฐัะะตะปััะน,Oct 30, 2018,0
๐  ะะปััะฐัะคะธะพะปะตัะพะฒัะน,Oct 30, 2018,0
๐  xVersace,Oct 30, 2018,0
๐ฌ  ะะธัะพะตะจะธั,Oct 30, 2018,0
๐  ะกะะะตะปััะนะัะธั,Oct 30, 2018,0
๐  ะะปััะฐัะะตะปัะน,Oct 30, 2018,0
๐ฌ  ะกะบะฐะฝะบ24ะข,Oct 30, 2018,0
๐  ะกะะัะฐัะฝัะนะัะธั,Oct 30, 2018,0
๐ฌ  ะะธััะตะจะธัะะปะฐะฝ,Oct 30, 2018,0
โ  ะะฝัะตั,Oct 31, 2018,0
๐  ะจะธัะบะต,Oct 31, 2018,0
๐ฌ  ะกะฟะตัะธะธ,Oct 31, 2018,0
๐  ะะปััะฐั,Oct 31, 2018,0
๐  ะะตะปะตะฝัะนะญะปัั,Oct 31, 2018,0
๐  ะกะธะฝะธะนะญะปัั,Oct 31, 2018,0
๐  ะะตัั-ัะฐั,Oct 31, 2018,0
๐  ะะพะปะฐ,Oct 31, 2018,0
๐  Ferrari,Oct 31, 2018,0
โ  ะะฝัะะพะทะพะฒัะน,Oct 31, 2018,0
๐ฌ  ะจะธัะะธะณะะตะฒะธะป,Oct 31, 2018,0
๐  ะกะะกะธะฝะธะตะัะธั,Oct 31, 2018,0
๐  ะะปััะฐัะะตะปััะน,Oct 31, 2018,0
๐  ะะปััะฐัะคะธะพะปะตัะพะฒัะน,Oct 31, 2018,0
๐  xVersace,Oct 31, 2018,0
๐ฌ  ะะธัะพะตะจะธั,Oct 31, 2018,0
๐  ะกะะะตะปััะนะัะธั,Oct 31, 2018,0
๐  ะะปััะฐัะะตะปัะน,Oct 31, 2018,0
๐ฌ  ะกะบะฐะฝะบ24ะข,Oct 31, 2018,0
๐  ะกะะัะฐัะฝัะนะัะธั,Oct 31, 2018,0
๐ฌ  ะะธััะตะจะธัะะปะฐะฝ,Oct 31, 2018,0
โ  ะะฝัะตั,Oct 01, 2018,0
๐  ะจะธัะบะต,Oct 01, 2018,0
๐  ะะปััะฐั,Oct 01, 2018,0
๐  ะกะธะฝะธะนะญะปัั,Oct 01, 2018,0
๐  ะะตัั-ัะฐั,Oct 01, 2018,0
๐  WhatsApp,Oct 01, 2018,0
๐  ะะปััะฐัะะตะปััะน,Oct 01, 2018,0
๐  ะะปััะฐัะคะธะพะปะตัะพะฒัะน,Oct 01, 2018,0
๐  xVersace,Oct 01, 2018,0
๐  ะะปััะฐัะะตะปัะน,Oct 01, 2018,0
๐  ะะปััะฐัVIP,Oct 01, 2018,0
โ  ะะฝัะตั,Oct 02, 2018,0
๐  ะจะธัะบะต,Oct 02, 2018,0
๐  ะะปััะฐั,Oct 02, 2018,0
๐  ะกะธะฝะธะนะญะปัั,Oct 02, 2018,0
๐  ะะตัั-ัะฐั,Oct 02, 2018,0
๐  WhatsApp,Oct 02, 2018,0
๐  ะะปััะฐัะะตะปััะน,Oct 02, 2018,0
๐  ะะปััะฐัะคะธะพะปะตัะพะฒัะน,Oct 02, 2018,0
๐  xVersace,Oct 02, 2018,0
๐  ะะปััะฐัะะตะปัะน,Oct 02, 2018,0
๐  ะะปััะฐัVIP,Oct 02, 2018,0
โ  ะะฝัะตั,Oct 03, 2018,0
๐  ะจะธัะบะต,Oct 03, 2018,0
๐  ะะปััะฐั,Oct 03, 2018,0
๐  ะกะธะฝะธะนะญะปัั,Oct 03, 2018,0
๐  ะะตัั-ัะฐั,Oct 03, 2018,0
๐  WhatsApp,Oct 03, 2018,0
๐  ะะปััะฐัะะตะปััะน,Oct 03, 2018,0
๐  ะะปััะฐัะคะธะพะปะตัะพะฒัะน,Oct 03, 2018,0
๐  xVersace,Oct 03, 2018,0
๐  ะะปััะฐัะะตะปัะน,Oct 03, 2018,0
๐  ะะปััะฐัVIP,Oct 03, 2018,0
โ  ะะฝัะตั,Oct 04, 2018,0
๐  ะจะธัะบะต,Oct 04, 2018,0
๐  ะะปััะฐั,Oct 04, 2018,0
๐  ะกะธะฝะธะนะญะปัั,Oct 04, 2018,0
๐  ะะตัั-ัะฐั,Oct 04, 2018,0
๐  WhatsApp,Oct 04, 2018,0
๐  ะะปััะฐัะะตะปััะน,Oct 04, 2018,0
๐  ะะปััะฐัะคะธะพะปะตัะพะฒัะน,Oct 04, 2018,0
๐  xVersace,Oct 04, 2018,0
๐  ะะปััะฐัะะตะปัะน,Oct 04, 2018,0
๐  ะะปััะฐัVIP,Oct 04, 2018,0
โ  ะะฝัะตั,Oct 05, 2018,0
๐  ะจะธัะบะต,Oct 05, 2018,0
๐  ะะปััะฐั,Oct 05, 2018,0
๐  ะกะธะฝะธะนะญะปัั,Oct 05, 2018,0
๐  ะะตัั-ัะฐั,Oct 05, 2018,0
๐  WhatsApp,Oct 05, 2018,0
๐  ะะปััะฐัะะตะปััะน,Oct 05, 2018,0
๐  ะะปััะฐัะคะธะพะปะตัะพะฒัะน,Oct 05, 2018,0
๐  xVersace,Oct 05, 2018,0
๐  ะะปััะฐัะะตะปัะน,Oct 05, 2018,0
๐  ะะปััะฐัVIP,Oct 05, 2018,0
โ  ะะฝัะตั,Oct 06, 2018,0
๐  ะจะธัะบะต,Oct 06, 2018,0
๐  ะะปััะฐั,Oct 06, 2018,0
๐  ะกะธะฝะธะนะญะปัั,Oct 06, 2018,0
๐  ะะตัั-ัะฐั,Oct 06, 2018,0
๐  WhatsApp,Oct 06, 2018,0
๐  ะะปััะฐัะะตะปััะน,Oct 06, 2018,0
๐  ะะปััะฐัะคะธะพะปะตัะพะฒัะน,Oct 06, 2018,0
๐  xVersace,Oct 06, 2018,0
๐  ะะปััะฐัะะตะปัะน,Oct 06, 2018,0
๐  ะะปััะฐัVIP,Oct 06, 2018,0
โ  ะะฝัะตั,Oct 07, 2018,0
๐  ะจะธัะบะต,Oct 07, 2018,0
๐  ะะปััะฐั,Oct 07, 2018,0
๐  ะกะธะฝะธะนะญะปัั,Oct 07, 2018,0
๐  ะะตัั-ัะฐั,Oct 07, 2018,0
๐  WhatsApp,Oct 07, 2018,0
๐  ะะปััะฐัะะตะปััะน,Oct 07, 2018,0
๐  ะะปััะฐัะคะธะพะปะตัะพะฒัะน,Oct 07, 2018,0
๐  xVersace,Oct 07, 2018,0
๐  ะะปััะฐัะะตะปัะน,Oct 07, 2018,0
๐  ะะปััะฐัVIP,Oct 07, 2018,0
โ  ะะฝัะตั,Oct 08, 2018,0
๐  ะจะธัะบะต,Oct 08, 2018,0
๐  ะะปััะฐั,Oct 08, 2018,0
๐  ะกะธะฝะธะนะญะปัั,Oct 08, 2018,0
๐  ะะตัั-ัะฐั,Oct 08, 2018,0
๐  WhatsApp,Oct 08, 2018,0
๐  ะะปััะฐัะะตะปััะน,Oct 08, 2018,0
๐  ะะปััะฐัะคะธะพะปะตัะพะฒัะน,Oct 08, 2018,0
๐  xVersace,Oct 08, 2018,0
๐  ะะปััะฐัะะตะปัะน,Oct 08, 2018,0
๐  ะะปััะฐัVIP,Oct 08, 2018,0
โ  ะะฝัะตั,Oct 09, 2018,0
๐  ะจะธัะบะต,Oct 09, 2018,0
๐  ะะปััะฐั,Oct 09, 2018,0
๐  ะกะธะฝะธะนะญะปัั,Oct 09, 2018,0
๐  ะะตัั-ัะฐั,Oct 09, 2018,0
๐  WhatsApp,Oct 09, 2018,0
๐  ะะปััะฐัะะตะปััะน,Oct 09, 2018,0
๐  ะะปััะฐัะคะธะพะปะตัะพะฒัะน,Oct 09, 2018,0
๐  xVersace,Oct 09, 2018,0
๐  ะะปััะฐัะะตะปัะน,Oct 09, 2018,0
๐  ะะปััะฐัVIP,Oct 09, 2018,0
โ  ะะฝัะตั,Oct 10, 2018,0
๐  ะจะธัะบะต,Oct 10, 2018,0
๐  ะะปััะฐั,Oct 10, 2018,0
๐  ะกะธะฝะธะนะญะปัั,Oct 10, 2018,0
๐  ะะตัั-ัะฐั,Oct 10, 2018,0
๐  WhatsApp,Oct 10, 2018,0
๐  ะะปััะฐัะะตะปััะน,Oct 10, 2018,0
๐  ะะปััะฐัะคะธะพะปะตัะพะฒัะน,Oct 10, 2018,0
๐  xVersace,Oct 10, 2018,0
๐  ะะปััะฐัะะตะปัะน,Oct 10, 2018,0
๐  ะะปััะฐัVIP,Oct 10, 2018,0
โ  ะะฝัะตั,Oct 11, 2018,0
๐  ะจะธัะบะต,Oct 11, 2018,0
๐  ะะปััะฐั,Oct 11, 2018,0
๐  ะกะธะฝะธะนะญะปัั,Oct 11, 2018,0
๐  ะะตัั-ัะฐั,Oct 11, 2018,0
๐  WhatsApp,Oct 11, 2018,0
๐  ะะปััะฐัะะตะปััะน,Oct 11, 2018,0
๐  ะะปััะฐัะคะธะพะปะตัะพะฒัะน,Oct 11, 2018,0
๐  xVersace,Oct 11, 2018,0
๐  ะะปััะฐัะะตะปัะน,Oct 11, 2018,0
๐  ะะปััะฐัVIP,Oct 11, 2018,0
โ  ะะฝัะตั,Oct 12, 2018,0
๐  ะจะธัะบะต,Oct 12, 2018,0
๐  ะะปััะฐั,Oct 12, 2018,0
๐  ะกะธะฝะธะนะญะปัั,Oct 12, 2018,0
๐  ะะตัั-ัะฐั,Oct 12, 2018,0
๐  WhatsApp,Oct 12, 2018,0
๐  ะะปััะฐัะะตะปััะน,Oct 12, 2018,0
๐  ะะปััะฐัะคะธะพะปะตัะพะฒัะน,Oct 12, 2018,0
๐  xVersace,Oct 12, 2018,0
๐  ะะปััะฐัะะตะปัะน,Oct 12, 2018,0
๐  ะะปััะฐัVIP,Oct 12, 2018,0
โ  ะะฝัะตั,Oct 13, 2018,0
๐  ะจะธัะบะต,Oct 13, 2018,0
๐  ะะปััะฐั,Oct 13, 2018,0
๐  ะกะธะฝะธะนะญะปัั,Oct 13, 2018,0
๐  ะะตัั-ัะฐั,Oct 13, 2018,0
๐  WhatsApp,Oct 13, 2018,0
๐  ะะปััะฐัะะตะปััะน,Oct 13, 2018,0
๐  ะะปััะฐัะคะธะพะปะตัะพะฒัะน,Oct 13, 2018,0
๐  xVersace,Oct 13, 2018,0
๐  ะะปััะฐัะะตะปัะน,Oct 13, 2018,0
๐  ะะปััะฐัVIP,Oct 13, 2018,0
โ  ะะฝัะตั,Oct 14, 2018,0
๐  ะจะธัะบะต,Oct 14, 2018,0
๐  ะะปััะฐั,Oct 14, 2018,0
๐  ะกะธะฝะธะนะญะปัั,Oct 14, 2018,0
๐  ะะตัั-ัะฐั,Oct 14, 2018,0
๐  WhatsApp,Oct 14, 2018,0
๐  ะะปััะฐัะะตะปััะน,Oct 14, 2018,0
๐  ะะปััะฐัะคะธะพะปะตัะพะฒัะน,Oct 14, 2018,0
๐  xVersace,Oct 14, 2018,0
๐  ะะปััะฐัะะตะปัะน,Oct 14, 2018,0
๐  ะะปััะฐัVIP,Oct 14, 2018,0
โ  ะะฝัะตั,Oct 15, 2018,0
๐  ะจะธัะบะต,Oct 15, 2018,0
๐  ะะปััะฐั,Oct 15, 2018,0
๐  ะกะธะฝะธะนะญะปัั,Oct 15, 2018,0
๐  ะะตัั-ัะฐั,Oct 15, 2018,0
๐  WhatsApp,Oct 15, 2018,0
๐  ะะปััะฐัะะตะปััะน,Oct 15, 2018,0
๐  ะะปััะฐัะคะธะพะปะตัะพะฒัะน,Oct 15, 2018,0
๐  xVersace,Oct 15, 2018,0
๐  ะะปััะฐัะะตะปัะน,Oct 15, 2018,0
๐  ะะปััะฐัVIP,Oct 15, 2018,0
โ  ะะฝัะตั,Oct 16, 2018,0
๐  ะจะธัะบะต,Oct 16, 2018,0
๐  ะะปััะฐั,Oct 16, 2018,0
๐  ะกะธะฝะธะนะญะปัั,Oct 16, 2018,0
๐  ะะตัั-ัะฐั,Oct 16, 2018,0
๐  WhatsApp,Oct 16, 2018,0
๐  ะะปััะฐัะะตะปััะน,Oct 16, 2018,0
๐  ะะปััะฐัะคะธะพะปะตัะพะฒัะน,Oct 16, 2018,0
๐  xVersace,Oct 16, 2018,0
๐  ะะปััะฐัะะตะปัะน,Oct 16, 2018,0
๐  ะะปััะฐัVIP,Oct 16, 2018,0
โ  ะะฝัะตั,Oct 17, 2018,0
๐  ะจะธัะบะต,Oct 17, 2018,0
๐  ะะปััะฐั,Oct 17, 2018,0
๐  ะกะธะฝะธะนะญะปัั,Oct 17, 2018,0
๐  ะะตัั-ัะฐั,Oct 17, 2018,0
๐  WhatsApp,Oct 17, 2018,0
๐  ะะปััะฐัะะตะปััะน,Oct 17, 2018,0
๐  ะะปััะฐัะคะธะพะปะตัะพะฒัะน,Oct 17, 2018,0
๐  xVersace,Oct 17, 2018,0
๐  ะะปััะฐัะะตะปัะน,Oct 17, 2018,0
๐  ะะปััะฐัVIP,Oct 17, 2018,0
โ  ะะฝัะตั,Oct 18, 2018,0
๐  ะจะธัะบะต,Oct 18, 2018,0
๐  ะะปััะฐั,Oct 18, 2018,0
๐  ะกะธะฝะธะนะญะปัั,Oct 18, 2018,0
๐  ะะตัั-ัะฐั,Oct 18, 2018,0
๐  WhatsApp,Oct 18, 2018,0
๐  ะะปััะฐัะะตะปััะน,Oct 18, 2018,0
๐  ะะปััะฐัะคะธะพะปะตัะพะฒัะน,Oct 18, 2018,0
๐  xVersace,Oct 18, 2018,0
๐  ะะปััะฐัะะตะปัะน,Oct 18, 2018,0
๐  ะะปััะฐัVIP,Oct 18, 2018,0
โ  ะะฝัะตั,Oct 19, 2018,0
๐  ะจะธัะบะต,Oct 19, 2018,0
๐  ะะปััะฐั,Oct 19, 2018,0
๐  ะกะธะฝะธะนะญะปัั,Oct 19, 2018,0
๐  ะะตัั-ัะฐั,Oct 19, 2018,0
๐  WhatsApp,Oct 19, 2018,0
๐  ะะปััะฐัะะตะปััะน,Oct 19, 2018,0
๐  ะะปััะฐัะคะธะพะปะตัะพะฒัะน,Oct 19, 2018,0
๐  xVersace,Oct 19, 2018,0
๐  ะะปััะฐัะะตะปัะน,Oct 19, 2018,0
๐  ะะปััะฐัVIP,Oct 19, 2018,0
โ  ะะฝัะตั,Oct 20, 2018,0
๐  ะจะธัะบะต,Oct 20, 2018,0
๐  ะะปััะฐั,Oct 20, 2018,0
๐  ะกะธะฝะธะนะญะปัั,Oct 20, 2018,0
๐  ะะตัั-ัะฐั,Oct 20, 2018,0
๐  WhatsApp,Oct 20, 2018,0
๐  ะะปััะฐัะะตะปััะน,Oct 20, 2018,0
๐  ะะปััะฐัะคะธะพะปะตัะพะฒัะน,Oct 20, 2018,0
๐  xVersace,Oct 20, 2018,0
๐  ะะปััะฐัะะตะปัะน,Oct 20, 2018,0
๐  ะะปััะฐัVIP,Oct 20, 2018,0
โ  ะะฝัะตั,Oct 21, 2018,0
๐  ะจะธัะบะต,Oct 21, 2018,0
๐  ะะปััะฐั,Oct 21, 2018,0
๐  ะกะธะฝะธะนะญะปัั,Oct 21, 2018,0
๐  ะะตัั-ัะฐั,Oct 21, 2018,0
๐  WhatsApp,Oct 21, 2018,0
๐  ะะปััะฐัะะตะปััะน,Oct 21, 2018,0
๐  ะะปััะฐัะคะธะพะปะตัะพะฒัะน,Oct 21, 2018,0
๐  xVersace,Oct 21, 2018,0
๐  ะะปััะฐัะะตะปัะน,Oct 21, 2018,0
๐  ะะปััะฐัVIP,Oct 21, 2018,0
โ  ะะฝัะตั,Oct 22, 2018,0
๐  ะจะธัะบะต,Oct 22, 2018,0
๐  ะะปััะฐั,Oct 22, 2018,0
๐  ะกะธะฝะธะนะญะปัั,Oct 22, 2018,0
๐  ะะตัั-ัะฐั,Oct 22, 2018,0
๐  WhatsApp,Oct 22, 2018,0
๐  ะะปััะฐัะะตะปััะน,Oct 22, 2018,0
๐  ะะปััะฐัะคะธะพะปะตัะพะฒัะน,Oct 22, 2018,0
๐  xVersace,Oct 22, 2018,0
๐  ะะปััะฐัะะตะปัะน,Oct 22, 2018,0
๐  ะะปััะฐัVIP,Oct 22, 2018,0
โ  ะะฝัะตั,Oct 23, 2018,0
๐  ะจะธัะบะต,Oct 23, 2018,0
๐  ะะปััะฐั,Oct 23, 2018,0
๐  ะกะธะฝะธะนะญะปัั,Oct 23, 2018,0
๐  ะะตัั-ัะฐั,Oct 23, 2018,0
๐  WhatsApp,Oct 23, 2018,0
๐  ะะปััะฐัะะตะปััะน,Oct 23, 2018,0
๐  ะะปััะฐัะคะธะพะปะตัะพะฒัะน,Oct 23, 2018,0
๐  xVersace,Oct 23, 2018,0
๐  ะะปััะฐัะะตะปัะน,Oct 23, 2018,0
๐  ะะปััะฐัVIP,Oct 23, 2018,0
โ  ะะฝัะตั,Oct 24, 2018,0
๐  ะจะธัะบะต,Oct 24, 2018,0
๐  ะะปััะฐั,Oct 24, 2018,0
๐  ะกะธะฝะธะนะญะปัั,Oct 24, 2018,0
๐  ะะตัั-ัะฐั,Oct 24, 2018,0
๐  WhatsApp,Oct 24, 2018,0
๐  ะะปััะฐัะะตะปััะน,Oct 24, 2018,0
๐  ะะปััะฐัะคะธะพะปะตัะพะฒัะน,Oct 24, 2018,0
๐  xVersace,Oct 24, 2018,0
๐  ะะปััะฐัะะตะปัะน,Oct 24, 2018,0
๐  ะะปััะฐัVIP,Oct 24, 2018,0
โ  ะะฝัะตั,Oct 25, 2018,0
๐  ะจะธัะบะต,Oct 25, 2018,0
๐  ะะปััะฐั,Oct 25, 2018,0
๐  ะกะธะฝะธะนะญะปัั,Oct 25, 2018,0
๐  ะะตัั-ัะฐั,Oct 25, 2018,0
๐  WhatsApp,Oct 25, 2018,0
๐  ะะปััะฐัะะตะปััะน,Oct 25, 2018,0
๐  ะะปััะฐัะคะธะพะปะตัะพะฒัะน,Oct 25, 2018,0
๐  xVersace,Oct 25, 2018,0
๐  ะะปััะฐัะะตะปัะน,Oct 25, 2018,0
๐  ะะปััะฐัVIP,Oct 25, 2018,0
โ  ะะฝัะตั,Oct 26, 2018,0
๐  ะจะธัะบะต,Oct 26, 2018,0
๐  ะะปััะฐั,Oct 26, 2018,0
๐  ะกะธะฝะธะนะญะปัั,Oct 26, 2018,0
๐  ะะตัั-ัะฐั,Oct 26, 2018,0
๐  WhatsApp,Oct 26, 2018,0
๐  ะะปััะฐัะะตะปััะน,Oct 26, 2018,0
๐  ะะปััะฐัะคะธะพะปะตัะพะฒัะน,Oct 26, 2018,0
๐  xVersace,Oct 26, 2018,0
๐  ะะปััะฐัะะตะปัะน,Oct 26, 2018,0
๐  ะะปััะฐัVIP,Oct 26, 2018,0
โ  ะะฝัะตั,Oct 27, 2018,0
๐  ะจะธัะบะต,Oct 27, 2018,0
๐  ะะปััะฐั,Oct 27, 2018,0
๐  ะกะธะฝะธะนะญะปัั,Oct 27, 2018,0
๐  ะะตัั-ัะฐั,Oct 27, 2018,0
๐  WhatsApp,Oct 27, 2018,0
๐  ะะปััะฐัะะตะปััะน,Oct 27, 2018,0
๐  ะะปััะฐัะคะธะพะปะตัะพะฒัะน,Oct 27, 2018,0
๐  xVersace,Oct 27, 2018,0
๐  ะะปััะฐัะะตะปัะน,Oct 27, 2018,0
๐  ะะปััะฐัVIP,Oct 27, 2018,0
โ  ะะฝัะตั,Oct 28, 2018,0
๐  ะจะธัะบะต,Oct 28, 2018,0
๐  ะะปััะฐั,Oct 28, 2018,0
๐  ะกะธะฝะธะนะญะปัั,Oct 28, 2018,0
๐  ะะตัั-ัะฐั,Oct 28, 2018,0
๐  WhatsApp,Oct 28, 2018,0
๐  ะะปััะฐัะะตะปััะน,Oct 28, 2018,0
๐  ะะปััะฐัะคะธะพะปะตัะพะฒัะน,Oct 28, 2018,0
๐  xVersace,Oct 28, 2018,0
๐  ะะปััะฐัะะตะปัะน,Oct 28, 2018,0
๐  ะะปััะฐัVIP,Oct 28, 2018,0
โ  ะะฝัะตั,Oct 29, 2018,0
๐  ะจะธัะบะต,Oct 29, 2018,0
๐  ะะปััะฐั,Oct 29, 2018,0
๐  ะกะธะฝะธะนะญะปัั,Oct 29, 2018,0
๐  ะะตัั-ัะฐั,Oct 29, 2018,0
๐  WhatsApp,Oct 29, 2018,0
๐  ะะปััะฐัะะตะปััะน,Oct 29, 2018,0
๐  ะะปััะฐัะคะธะพะปะตัะพะฒัะน,Oct 29, 2018,0
๐  xVersace,Oct 29, 2018,0
๐  ะะปััะฐัะะตะปัะน,Oct 29, 2018,0
๐  ะะปััะฐัVIP,Oct 29, 2018,0
โ  ะะฝัะตั,Oct 30, 2018,0
๐  ะจะธัะบะต,Oct 30, 2018,0
๐  ะะปััะฐั,Oct 30, 2018,0
๐  ะกะธะฝะธะนะญะปัั,Oct 30, 2018,0
๐  ะะตัั-ัะฐั,Oct 30, 2018,0
๐  WhatsApp,Oct 30, 2018,0
๐  ะะปััะฐัะะตะปััะน,Oct 30, 2018,0
๐  ะะปััะฐัะคะธะพะปะตัะพะฒัะน,Oct 30, 2018,0
๐  xVersace,Oct 30, 2018,0
๐  ะะปััะฐัะะตะปัะน,Oct 30, 2018,0
๐  ะะปััะฐัVIP,Oct 30, 2018,0
โ  ะะฝัะตั,Oct 31, 2018,0
๐  ะจะธัะบะต,Oct 31, 2018,0
๐  ะะปััะฐั,Oct 31, 2018,0
๐  ะกะธะฝะธะนะญะปัั,Oct 31, 2018,0
๐  ะะตัั-ัะฐั,Oct 31, 2018,0
๐  WhatsApp,Oct 31, 2018,0
๐  ะะปััะฐัะะตะปััะน,Oct 31, 2018,0
๐  ะะปััะฐัะคะธะพะปะตัะพะฒัะน,Oct 31, 2018,0
๐  xVersace,Oct 31, 2018,0
๐  ะะปััะฐัะะตะปัะน,Oct 31, 2018,0
๐  ะะปััะฐัVIP,Oct 31, 2018,0
